{"cameraMode":{"drawMode":0,"name":"Shaded","section":"Shading Mode"},"sceneLighting":true,"audioPlay":false,"sceneViewState":{"showFog":true,"showMaterialUpdate":false,"showSkybox":true,"showFlares":true,"showImageEffects":true,"showParticleSystems":true},"in2DMode":false,"pivot":{"x":1.087214469909668,"y":-0.6878975629806519,"z":0.03985428810119629},"rotation":{"x":-0.06292987614870072,"y":0.030231332406401635,"z":-0.0019070571288466454,"w":-0.9975633025169373},"size":12.181124687194825,"orthographic":true}